X1,X2,y
-1.933,-2.637,0.0
-0.896,-4.13,0.0
1.002,1.368,1.0
2.876,2.868,1.0
-2.589,-3.281,0.0
0.076,0.969,1.0
-2.611,-5.092,0.0
-2.541,-3.455,0.0
0.811,1.399,1.0
-0.504,2.618,1.0
1.629,3.986,1.0
-3.536,-3.516,0.0
2.976,1.894,1.0
1.375,1.868,1.0
0.792,3.657,1.0
2.463,3.61,1.0
0.686,1.955,1.0
-3.194,-1.972,0.0
0.363,0.955,1.0
-1.986,-3.278,0.0
2.029,-0.071,1.0
2.296,3.895,1.0
-0.687,-2.609,0.0
-1.815,-2.135,0.0
-1.5,-3.417,0.0
0.873,2.609,1.0
0.649,2.174,1.0
-0.753,0.012,1.0
2.237,0.879,1.0
-3.178,-2.924,0.0
-0.354,2.371,1.0
-3.193,-0.973,0.0
1.72,1.217,1.0
-1.381,-4.026,0.0
-2.291,-2.012,0.0
-2.627,-1.967,0.0
-2.859,-3.526,0.0
-1.724,-2.607,0.0
-0.273,-1.119,0.0
-2.615,-1.787,0.0
0.417,1.27,1.0
-2.409,-2.219,0.0
-0.416,-2.881,0.0
1.751,2.445,1.0
-1.648,-3.5,0.0
-1.939,-1.112,0.0
-0.348,1.655,1.0
2.348,2.269,1.0
-2.247,-1.008,0.0
0.978,0.344,1.0
-2.648,-0.851,0.0
-0.391,2.729,1.0
1.795,1.088,1.0
1.898,2.985,1.0
1.798,3.448,1.0
0.452,1.891,1.0
-1.087,-1.744,0.0
-2.475,-1.509,0.0
-0.791,-2.717,0.0
-2.272,-3.295,0.0
-2.868,-3.98,0.0
0.389,1.101,1.0
-2.499,-2.54,0.0
-2.77,-2.348,0.0
-2.567,-2.659,0.0
-0.377,-4.38,0.0
1.805,2.003,1.0
2.83,2.469,1.0
2.896,3.398,1.0
2.134,1.944,1.0
-0.74,-0.507,0.0
-2.211,-2.054,0.0
-1.839,-2.927,0.0
-2.843,-2.953,0.0
1.962,1.678,1.0
2.199,0.942,1.0
-1.027,-2.647,0.0
1.131,2.453,1.0
-0.503,-3.355,0.0
-0.027,2.349,1.0
0.732,1.502,1.0
-2.498,-3.565,0.0
-1.547,-3.604,0.0
-2.931,-2.56,0.0
-1.886,-2.603,0.0
-1.212,-2.59,0.0
-2.656,-3.308,0.0
1.219,2.442,1.0
-1.442,-4.037,0.0
1.259,2.572,1.0
2.688,3.152,1.0
-3.89,-2.407,0.0
-2.682,-3.159,0.0
0.818,0.432,1.0
-4.335,-4.075,0.0
-2.577,-2.095,0.0
0.525,1.12,1.0
-1.392,-3.916,0.0
-1.939,-2.578,0.0
1.545,2.228,1.0
-1.384,-2.18,0.0
-0.982,-2.854,0.0
-0.493,2.742,1.0
2.441,0.276,1.0
1.655,0.892,1.0
1.081,1.573,1.0
-2.184,-3.873,0.0
-3.901,-1.586,0.0
-1.031,-2.781,0.0
0.356,2.511,1.0
-2.322,-3.045,0.0
-1.875,-3.859,0.0
1.789,2.133,1.0
-1.854,-2.819,0.0
2.065,2.674,1.0
-0.743,1.454,1.0
2.77,2.864,1.0
-3.202,-1.969,0.0
-0.711,1.491,1.0
0.425,1.119,1.0
-1.508,-3.633,0.0
1.313,3.38,1.0
0.766,0.345,1.0
2.241,2.808,1.0
-3.465,-3.816,0.0
-0.03,-4.236,0.0
2.942,1.743,1.0
-2.977,-1.629,0.0
1.285,1.058,1.0
-2.071,-1.393,0.0
-2.324,-2.387,0.0
-1.994,-4.793,0.0
-0.488,-1.906,0.0
3.13,1.295,1.0
-2.075,-1.913,0.0
1.446,1.451,1.0
2.278,2.034,1.0
-1.977,-4.14,0.0
-1.833,-4.33,0.0
1.665,1.144,1.0
-0.899,2.425,1.0
1.788,1.299,1.0
1.282,1.376,1.0
1.487,1.17,1.0
-2.639,-2.665,0.0
-1.564,-3.011,0.0
0.411,2.429,1.0
-3.27,-3.246,0.0
0.823,-0.564,1.0
0.657,2.183,1.0
-0.81,1.623,1.0
-2.072,-2.034,0.0
2.06,0.342,1.0
-4.263,-3.869,0.0
3.755,2.456,1.0
-2.393,-5.157,0.0
-3.403,-2.356,0.0
1.392,1.299,1.0
-1.542,3.553,1.0
1.766,1.708,1.0
-1.281,-1.857,0.0
-2.384,-1.788,0.0
-1.696,-2.362,0.0
0.757,2.054,1.0
-2.046,-2.546,0.0
-1.553,-1.634,0.0
-2.822,-1.971,0.0
2.014,1.949,1.0
1.284,2.415,1.0
-3.14,-3.195,0.0
1.592,-0.509,1.0
-2.9,-4.258,0.0
0.386,4.171,1.0
-2.4,-2.859,0.0
-2.083,-1.722,0.0
0.025,3.057,1.0
-1.293,-2.408,0.0
0.946,2.433,1.0
-2.895,-2.273,0.0
0.339,1.793,1.0
0.818,2.991,1.0
-0.29,0.143,1.0
-2.36,-3.225,0.0
-2.1,-3.93,0.0
0.115,-3.488,0.0
-1.587,-2.664,0.0
-1.957,-2.31,0.0
-1.782,-2.567,0.0
1.121,2.638,1.0
-2.001,-0.871,0.0
-1.669,-3.185,0.0
-2.288,-2.473,0.0
-2.811,-2.752,0.0
1.494,3.303,1.0
0.808,3.57,1.0
1.383,3.017,1.0
-2.599,-2.635,0.0
2.416,3.395,1.0
2.006,3.638,1.0
0.693,1.296,1.0
-1.135,-2.165,0.0
-1.429,-2.085,0.0
2.033,1.317,1.0
-3.494,-2.645,0.0
-0.275,2.886,1.0
-2.949,-2.131,0.0
-2.464,-4.258,0.0
-1.882,-3.049,0.0
1.23,2.921,1.0
-0.398,3.468,1.0
-2.182,-2.87,0.0
0.817,1.307,1.0
-0.928,1.461,1.0
-2.414,-2.203,0.0
-2.44,-3.223,0.0
-0.439,-3.928,0.0
-1.472,-1.791,0.0
-1.628,-1.62,0.0
-2.343,-3.429,0.0
-1.879,-2.728,0.0
-2.052,-2.782,0.0
-1.002,-1.379,0.0
-2.231,-3.674,0.0
-1.202,-3.502,0.0
-2.792,-4.525,0.0
1.125,1.191,1.0
1.488,2.837,1.0
-1.205,-3.931,0.0
-4.026,-2.515,0.0
2.997,3.168,1.0
-0.546,2.293,1.0
-1.301,-3.076,0.0
1.51,1.381,1.0
-1.232,-2.255,0.0
-0.209,1.705,1.0
2.949,0.896,1.0
0.566,2.0,1.0
-1.922,-2.697,0.0
0.393,2.969,1.0
1.392,0.967,1.0
-3.885,-3.567,0.0
1.534,0.943,1.0
-1.69,-3.282,0.0
0.488,2.137,1.0
-0.783,3.433,1.0
0.984,2.496,1.0
-2.305,-2.709,0.0
0.058,0.529,1.0
-1.977,-3.061,0.0
-2.066,-2.897,0.0
-1.176,2.236,1.0
-0.113,1.723,1.0
-2.299,-1.277,0.0
0.374,0.565,1.0
1.721,0.821,1.0
-1.131,-2.221,0.0
1.103,1.426,1.0
2.766,3.875,1.0
2.276,3.191,1.0
-1.438,-3.272,0.0
0.078,3.026,1.0
-1.273,-2.005,0.0
-1.825,-3.564,0.0
0.689,1.516,1.0
-1.033,-2.539,0.0
-0.208,2.523,1.0
0.37,1.476,1.0
-3.023,-2.723,0.0
-3.564,-2.386,0.0
1.743,2.141,1.0
-3.093,-3.473,0.0
1.811,0.608,1.0
-3.06,-2.416,0.0
1.734,3.211,1.0
-2.793,-1.732,0.0
0.202,2.178,1.0
-2.818,-3.521,0.0
-2.804,-0.805,0.0
1.27,3.255,1.0
0.78,0.728,1.0
-1.534,-3.67,0.0
-2.688,-2.932,0.0
0.863,1.383,1.0
-1.591,-1.562,0.0
-1.744,-3.079,0.0
1.957,1.709,1.0
-1.381,-2.394,0.0
0.575,2.517,1.0
-1.781,-2.384,0.0
-1.512,-3.143,0.0
-0.874,-2.797,0.0
-2.277,-5.135,0.0
-1.759,-2.701,0.0
0.481,0.97,1.0
1.399,0.869,1.0
0.979,1.217,1.0
-2.369,-4.03,0.0
-2.087,-2.459,0.0
2.273,1.475,1.0
1.317,2.912,1.0
0.894,0.394,1.0
0.84,2.873,1.0
-1.536,-2.06,0.0
-2.811,-3.044,0.0
-0.686,-3.913,0.0
-0.603,2.934,1.0
-1.986,-3.908,0.0
-2.415,-2.745,0.0
-1.34,-2.02,0.0
-1.863,-3.729,0.0
-0.729,-3.727,0.0
-2.26,-2.48,0.0
-4.48,-2.144,0.0
-2.354,-2.385,0.0
0.771,0.666,1.0
-1.114,-4.502,0.0
-1.516,-4.224,0.0
1.473,2.091,1.0
0.473,-4.1,0.0
0.022,-3.241,0.0
0.632,0.983,1.0
1.579,1.315,1.0
-0.758,0.329,1.0
0.424,3.087,1.0
1.698,2.103,1.0
-1.694,-1.026,0.0
1.652,1.388,1.0
0.399,2.138,1.0
-1.992,-3.839,0.0
-2.708,-3.044,0.0
-2.923,-2.225,0.0
1.812,2.074,1.0
0.897,1.18,1.0
-4.005,-2.677,0.0
1.392,0.722,1.0
-1.021,-3.017,0.0
-0.233,-4.525,0.0
2.289,1.347,1.0
1.233,1.557,1.0
-3.784,-3.068,0.0
-1.54,-3.485,0.0
1.865,1.842,1.0
-0.741,-2.818,0.0
2.013,2.629,1.0
1.044,1.328,1.0
-0.017,2.917,1.0
0.836,0.072,1.0
-3.019,-1.734,0.0
0.512,2.267,1.0
-1.537,-3.27,0.0
-0.758,2.68,1.0
-1.995,-3.639,0.0
-0.826,-3.982,0.0
1.642,0.749,1.0
-1.396,-2.044,0.0
1.869,1.894,1.0
0.644,2.246,1.0
-2.441,-2.385,0.0
-0.321,-2.451,0.0
2.309,0.576,1.0
-3.346,-3.603,0.0
0.422,2.91,1.0
1.862,1.651,1.0
0.536,1.224,1.0
-2.687,-3.973,0.0
1.113,2.814,1.0
0.468,1.453,1.0
-2.825,-2.837,0.0
2.132,3.669,1.0
-4.291,-2.285,0.0
1.338,2.132,1.0
1.691,2.598,1.0
1.088,1.473,1.0
3.153,1.152,1.0
-3.629,-2.037,0.0
-2.498,-3.709,0.0
-2.428,-3.761,0.0
-1.666,-2.489,0.0
-0.578,4.621,1.0
-3.241,-3.066,0.0
1.273,2.186,1.0
0.851,0.941,1.0
-1.042,-3.777,0.0
1.001,3.831,1.0
1.622,2.429,1.0
-2.818,-3.433,0.0
-3.871,-4.576,0.0
1.774,2.275,1.0
-2.042,-2.009,0.0
-1.234,-3.349,0.0
2.815,3.69,1.0
-0.07,1.909,1.0
-3.265,-4.915,0.0
-2.506,-3.096,0.0
2.563,1.701,1.0
0.94,3.404,1.0
1.371,3.537,1.0
-1.679,-3.746,0.0
-1.562,1.216,1.0
-0.24,-1.473,0.0
-2.912,-5.001,0.0
-3.138,-2.363,0.0
-2.972,-3.223,0.0
-0.271,-4.4,0.0
-3.24,-2.183,0.0
0.286,1.99,1.0
-0.287,-3.313,0.0
-2.606,-2.282,0.0
0.776,0.357,1.0
-1.753,-2.445,0.0
1.97,1.551,1.0
2.082,2.851,1.0
-3.049,-4.123,0.0
-0.227,3.88,1.0
0.663,2.847,1.0
1.987,2.402,1.0
2.928,2.33,1.0
1.649,-0.019,1.0
-2.597,-3.333,0.0
-1.161,-1.568,0.0
-1.3,-5.596,0.0
0.997,0.079,1.0
-1.564,-1.218,0.0
0.499,0.078,1.0
1.192,1.594,1.0
-1.854,-0.561,0.0
2.359,1.394,1.0
-4.094,-2.255,0.0
-2.449,-2.086,0.0
-2.376,-3.747,0.0
-2.121,-1.715,0.0
-0.99,1.796,1.0
1.075,2.62,1.0
-2.577,-4.945,0.0
3.196,2.186,1.0
0.65,3.454,1.0
-1.977,-3.687,0.0
-1.462,-3.157,0.0
2.078,1.0,1.0
1.104,1.89,1.0
-1.923,-2.432,0.0
-2.683,-1.993,0.0
2.067,2.18,1.0
-0.582,-2.987,0.0
-2.216,-5.847,0.0
-2.926,-3.319,0.0
-1.991,-2.216,0.0
-0.074,0.386,1.0
-3.767,-0.557,0.0
1.546,2.532,1.0
-0.717,-1.973,0.0
1.889,2.386,1.0
0.402,-3.355,0.0
0.368,1.4,1.0
-1.27,-1.782,0.0
-2.511,-1.592,0.0
-2.066,-4.059,0.0
0.877,2.948,1.0
2.921,0.502,1.0
-2.95,-2.101,0.0
-1.541,-2.325,0.0
-0.298,-2.434,0.0
-2.75,-3.963,0.0
-2.215,-5.019,0.0
-0.205,4.221,1.0
-0.629,1.443,1.0
-1.253,-4.422,0.0
-2.715,-3.209,0.0
2.114,1.625,1.0
0.197,1.457,1.0
-2.243,-4.402,0.0
-2.198,-3.54,0.0
0.593,3.219,1.0
1.075,1.348,1.0
-3.094,-5.317,0.0
2.134,1.537,1.0
1.722,1.548,1.0
-2.709,-3.728,0.0
-0.868,-4.106,0.0
-0.781,-3.414,0.0
-0.917,1.461,1.0
-1.076,-3.395,0.0
-3.359,-3.338,0.0
-2.839,-3.402,0.0
-1.993,-2.956,0.0
0.823,3.081,1.0
-0.78,-4.716,0.0
-2.404,-2.114,0.0
-0.865,-2.785,0.0
2.846,1.105,1.0
-1.346,-1.638,0.0
1.34,3.447,1.0
1.094,0.432,1.0
-0.278,2.523,1.0
-0.058,3.138,1.0
-1.51,-4.067,0.0
1.172,3.299,1.0
-1.512,-2.119,0.0
0.591,2.309,1.0
1.828,3.383,1.0
0.704,2.204,1.0
1.204,2.495,1.0
2.672,2.433,1.0
-0.565,1.125,1.0
1.897,1.143,1.0
-1.435,-3.269,0.0
-1.968,-3.305,0.0
0.506,1.766,1.0
0.768,1.769,1.0
0.478,0.278,1.0
0.294,2.635,1.0
-0.866,2.666,1.0
-2.259,-3.312,0.0
-1.974,-2.086,0.0
-2.342,-3.104,0.0
-1.078,-3.433,0.0
-1.133,-1.953,0.0
-1.975,-3.443,0.0
-3.963,-3.319,0.0
-0.73,-3.197,0.0
1.41,1.064,1.0
-0.164,4.105,1.0
2.393,4.485,1.0
-1.623,-3.552,0.0
0.436,1.938,1.0
-2.264,-3.957,0.0
-2.179,-3.877,0.0
1.461,2.174,1.0
-1.092,-3.766,0.0
1.594,2.377,1.0
-1.726,-3.464,0.0
1.491,0.829,1.0
0.073,0.456,1.0
2.273,1.121,1.0
-2.765,-2.981,0.0
1.25,1.395,1.0
-0.848,0.317,1.0
-2.265,-2.583,0.0
1.14,2.735,1.0
-1.51,-3.084,0.0
-1.576,-1.441,0.0
1.311,2.394,1.0
-3.047,-4.598,0.0
-1.506,-2.361,0.0
-1.62,1.267,1.0
-0.072,2.617,1.0
-1.537,-4.283,0.0
0.35,2.395,1.0
-1.365,-1.696,0.0
1.221,3.822,1.0
-2.672,-4.069,0.0
0.074,1.05,1.0
1.058,3.111,1.0
-1.953,-3.65,0.0
2.886,2.646,1.0
-0.243,-2.714,0.0
-0.525,-3.311,0.0
-3.669,-2.517,0.0
-1.057,3.663,1.0
1.422,2.658,1.0
0.543,1.761,1.0
-2.199,-2.366,0.0
2.4,3.132,1.0
-0.416,2.911,1.0
-1.476,-3.972,0.0
-2.945,-2.488,0.0
-1.068,-3.515,0.0
0.866,-3.938,0.0
-3.726,-2.955,0.0
2.023,3.729,1.0
-1.828,-3.909,0.0
-0.856,2.066,1.0
-1.422,-2.926,0.0
0.168,2.478,1.0
-2.845,-2.053,0.0
1.311,4.188,1.0
1.129,1.612,1.0
2.209,2.025,1.0
-0.809,1.61,1.0
-2.706,-2.996,0.0
-1.048,-2.959,0.0
0.458,1.893,1.0
1.412,2.509,1.0
-0.864,-2.938,0.0
-1.919,-2.802,0.0
0.292,1.659,1.0
-2.342,-3.583,0.0
0.475,3.063,1.0
2.998,1.047,1.0
2.12,0.55,1.0
1.342,1.936,1.0
-1.749,-2.281,0.0
0.435,0.241,1.0
-2.909,-3.101,0.0
-0.987,0.9,1.0
-1.205,-4.319,0.0
-3.016,-2.755,0.0
1.367,2.565,1.0
0.674,1.682,1.0
-0.295,1.741,1.0
0.475,1.62,1.0
-1.226,-2.921,0.0
0.516,1.769,1.0
-0.563,2.402,1.0
-0.435,3.722,1.0
-0.065,0.931,1.0
-4.241,-2.739,0.0
0.399,2.397,1.0
3.571,1.001,1.0
-1.186,-1.182,0.0
1.222,0.817,1.0
-2.89,-3.095,0.0
-2.947,-1.055,0.0
4.845,0.93,1.0
-1.31,-2.521,0.0
-1.401,-2.785,0.0
2.6,0.926,1.0
-2.303,-2.63,0.0
-1.081,-2.676,0.0
-2.577,-3.011,0.0
1.039,2.261,1.0
0.836,2.08,1.0
-0.623,2.106,1.0
-0.269,-3.769,0.0
-0.437,2.076,1.0
2.041,2.191,1.0
1.745,1.921,1.0
-3.297,-3.05,0.0
-0.105,-1.917,0.0
1.465,0.181,1.0
-3.029,-3.273,0.0
1.982,3.19,1.0
0.707,3.171,1.0
0.358,3.463,1.0
-2.593,-4.485,0.0
-3.168,-2.183,0.0
-2.258,-2.474,0.0
-0.033,1.958,1.0
-0.317,1.48,1.0
-2.239,-2.135,0.0
-2.009,-4.661,0.0
-1.429,-3.9,0.0
-1.638,-3.369,0.0
2.49,2.157,1.0
-2.46,-2.0,0.0
-3.859,-3.731,0.0
-2.604,-2.348,0.0
-2.559,-4.032,0.0
0.655,2.558,1.0
-0.32,2.622,1.0
-2.103,-3.915,0.0
-1.946,-3.329,0.0
2.768,1.726,1.0
1.512,2.598,1.0
-3.28,-2.674,0.0
-1.835,-1.956,0.0
0.207,2.291,1.0
-3.134,-2.616,0.0
0.7,3.369,1.0
3.53,0.626,1.0
-1.925,-2.186,0.0
-0.289,-1.241,0.0
-1.611,-2.732,0.0
-1.384,-3.242,0.0
1.303,1.049,1.0
-0.064,2.591,1.0
-1.863,-2.524,0.0
2.249,3.065,1.0
-0.94,-3.396,0.0
-3.369,-3.704,0.0
1.08,0.52,1.0
0.546,2.69,1.0
-0.694,-4.903,0.0
-0.946,1.896,1.0
-1.065,-2.61,0.0
-2.017,-2.753,0.0
1.729,1.717,1.0
-1.273,1.713,1.0
-2.339,-4.411,0.0
-0.962,3.079,1.0
1.405,3.101,1.0
0.549,2.2,1.0
-2.338,-3.391,0.0
0.171,1.954,1.0
0.646,3.187,1.0
-1.282,1.353,1.0
1.27,1.729,1.0
1.398,1.601,1.0
-2.238,-2.777,0.0
-0.121,2.752,1.0
0.741,1.71,1.0
-4.75,-1.283,0.0
-3.431,-2.048,0.0
0.519,3.721,1.0
-3.767,-3.359,0.0
-2.139,-2.695,0.0
0.519,4.232,1.0
-2.183,-2.46,0.0
1.192,1.508,1.0
0.216,-5.776,0.0
1.959,0.83,1.0
-1.205,-2.996,0.0
-2.186,-4.183,0.0
-2.065,-2.158,0.0
-1.33,-4.055,0.0
-2.684,-3.637,0.0
-1.689,3.051,1.0
1.527,1.707,1.0
-2.998,-2.267,0.0
-1.693,-3.915,0.0
0.061,3.418,1.0
1.141,2.205,1.0
-2.53,-2.439,0.0
0.448,3.587,1.0
1.706,2.832,1.0
-1.854,-3.635,0.0
0.693,1.327,1.0
1.54,1.318,1.0
0.174,3.313,1.0
-1.713,-2.989,0.0
1.571,1.422,1.0
0.528,1.492,1.0
2.016,-0.547,1.0
-1.157,-2.332,0.0
-3.574,-3.532,0.0
-2.68,-1.62,0.0
-3.948,-1.977,0.0
-2.847,-1.993,0.0
0.914,5.346,1.0
2.808,2.358,1.0
0.801,2.502,1.0
-2.211,-2.545,0.0
-0.803,-3.966,0.0
-2.15,-3.051,0.0
-2.186,-3.372,0.0
-1.521,-3.589,0.0
-1.985,-2.196,0.0
-0.91,-4.046,0.0
-3.794,-3.173,0.0
1.314,3.114,1.0
0.346,3.315,1.0
0.556,3.17,1.0
-2.44,-2.881,0.0
1.034,2.533,1.0
0.309,3.513,1.0
-2.735,-3.128,0.0
-0.893,2.077,1.0
0.828,2.424,1.0
-2.803,-3.128,0.0
-1.667,-2.565,0.0
-3.517,-4.265,0.0
0.495,1.226,1.0
-2.997,-2.949,0.0
0.045,1.959,1.0
-1.422,-3.158,0.0
-2.189,-3.708,0.0
1.324,1.236,1.0
-0.833,-3.323,0.0
1.337,2.255,1.0
1.411,1.968,1.0
-1.007,-2.79,0.0
2.224,0.206,1.0
1.138,3.233,1.0
-1.122,-2.635,0.0
0.432,1.584,1.0
-0.795,0.984,1.0
-2.202,-2.708,0.0
-4.466,-2.953,0.0
-2.097,-1.889,0.0
-0.593,-2.998,0.0
-1.808,-2.768,0.0
2.056,2.944,1.0
-3.511,-3.12,0.0
1.26,2.445,1.0
-4.149,-3.759,0.0
-2.07,-2.63,0.0
0.788,0.682,1.0
-0.756,-3.667,0.0
0.499,2.239,1.0
-1.595,-2.459,0.0
-0.611,3.158,1.0
1.775,3.821,1.0
1.028,0.849,1.0
-2.242,-2.786,0.0
-2.549,-2.933,0.0
1.613,0.714,1.0
1.338,1.77,1.0
-0.367,3.278,1.0
3.047,1.083,1.0
-3.714,-3.035,0.0
-0.266,2.05,1.0
-3.175,-1.698,0.0
-1.951,-2.956,0.0
1.956,3.343,1.0
-2.355,-2.642,0.0
-1.264,-4.204,0.0
-1.665,-2.666,0.0
-0.977,-3.402,0.0
0.503,1.882,1.0
0.71,-0.648,1.0
0.762,2.557,1.0
2.148,2.908,1.0
1.203,2.113,1.0
-2.712,-2.762,0.0
-0.486,2.256,1.0
-2.553,-2.745,0.0
-1.916,-2.488,0.0
-1.675,-1.239,0.0
1.386,2.395,1.0
-2.807,-4.67,0.0
-0.003,1.781,1.0
-0.55,2.023,1.0
-2.89,-3.271,0.0
1.457,3.833,1.0
-2.518,-4.896,0.0
-4.75,-2.141,0.0
-2.048,-3.462,0.0
-1.091,-2.835,0.0
-2.828,-3.16,0.0
1.412,2.837,1.0
0.022,2.034,1.0
-1.249,-4.506,0.0
-2.275,-4.096,0.0
0.815,0.567,1.0
-1.771,-2.774,0.0
0.179,1.673,1.0
1.618,3.368,1.0
-1.877,-2.892,0.0
2.171,1.114,1.0
1.741,2.382,1.0
-4.075,-4.452,0.0
-1.595,-3.739,0.0
1.499,2.136,1.0
0.905,4.405,1.0
-0.516,-3.056,0.0
-3.866,-3.278,0.0
-1.02,-3.149,0.0
-1.709,-2.448,0.0
0.229,1.311,1.0
-2.197,-4.254,0.0
-1.023,2.262,1.0
-2.807,-3.326,0.0
0.501,1.418,1.0
2.831,2.958,1.0
-2.201,-0.503,0.0
-2.638,-1.963,0.0
-0.401,1.682,1.0
-2.296,-2.951,0.0
-0.024,2.613,1.0
-2.544,-3.385,0.0
-0.527,-3.387,0.0
-0.107,-3.139,0.0
-1.877,-4.18,0.0
-2.526,-2.565,0.0
-0.101,2.676,1.0
1.297,2.598,1.0
-1.388,-3.207,0.0
-0.748,1.588,1.0
-3.239,-3.577,0.0
-1.422,-4.119,0.0
0.933,2.99,1.0
-4.297,-3.201,0.0
1.44,1.969,1.0
1.254,0.633,1.0
-1.117,-3.399,0.0
1.038,2.537,1.0
-2.137,-3.322,0.0
2.881,2.092,1.0
-0.602,-2.424,0.0
0.455,1.683,1.0
1.701,1.857,1.0
-0.811,-3.89,0.0
-0.15,1.557,1.0
-1.011,-4.787,0.0
2.493,0.65,1.0
-1.34,-2.365,0.0
0.982,0.385,1.0
-0.527,2.117,1.0
1.012,-0.481,1.0
-1.807,-2.869,0.0
0.441,2.127,1.0
-2.169,-3.747,0.0
-0.603,-1.626,0.0
1.284,1.209,1.0
2.92,0.88,1.0
0.715,3.042,1.0
0.589,2.533,1.0
-2.152,-1.717,0.0
-1.507,-3.133,0.0
-1.314,-3.625,0.0
-0.758,-2.572,0.0
-2.215,-1.649,0.0
0.496,-3.521,0.0
-3.575,-1.783,0.0
1.341,1.509,1.0
-2.94,-1.879,0.0
-2.602,-3.907,0.0
-2.004,-3.933,0.0
-1.026,-3.85,0.0
1.137,2.111,1.0
-1.25,-1.775,0.0
0.077,1.757,1.0
-3.288,-1.908,0.0
1.158,1.389,1.0
-3.727,-2.928,0.0
-1.699,-4.58,0.0
-1.353,-3.925,0.0
1.336,2.948,1.0
1.841,2.436,1.0
-2.853,-1.976,0.0
-3.849,-3.95,0.0
-1.554,2.366,1.0
-3.148,-2.688,0.0
2.05,3.299,1.0
0.239,0.992,1.0
-0.726,-2.602,0.0
-3.294,-4.228,0.0
-1.313,-2.243,0.0
-0.05,3.242,1.0
-2.497,-3.573,0.0
1.427,1.892,1.0
0.555,-3.648,0.0
-1.905,-2.042,0.0
0.789,2.679,1.0
1.782,1.251,1.0
-1.21,-2.979,0.0
1.795,2.498,1.0
1.105,2.924,1.0
-3.055,-3.886,0.0
-0.18,3.888,1.0
-1.95,-1.735,0.0
1.27,1.543,1.0
-3.138,-3.858,0.0
0.593,1.878,1.0
-3.304,-2.822,0.0
0.584,1.972,1.0
-1.839,-1.884,0.0
-2.16,-3.313,0.0
-0.062,-1.687,0.0
-3.691,-4.381,0.0
1.208,1.999,1.0
-2.374,-3.111,0.0
-2.644,-3.301,0.0
-1.087,2.657,1.0
-1.913,-4.407,0.0
1.718,2.505,1.0
1.166,0.087,1.0
2.489,3.509,1.0
-1.361,-2.08,0.0
-0.998,-2.412,0.0
-0.745,1.479,1.0
-1.498,-2.961,0.0
0.475,-3.03,0.0
1.869,1.318,1.0
0.786,2.459,1.0
-0.096,1.676,1.0
1.635,1.501,1.0
-2.489,-2.481,0.0
-0.448,-1.884,0.0
2.028,2.476,1.0
2.012,1.688,1.0
-0.811,-2.647,0.0
0.077,1.765,1.0
-1.79,-4.404,0.0
-1.932,-1.542,0.0
0.033,-3.224,0.0
0.643,3.826,1.0
0.524,3.117,1.0
-1.402,-2.663,0.0
0.122,1.751,1.0
-3.406,-3.541,0.0
3.014,0.858,1.0
-2.437,-3.456,0.0
-4.625,-3.173,0.0
-1.806,-4.964,0.0
1.739,1.44,1.0
-2.194,-2.128,0.0
-3.028,-2.776,0.0
1.368,1.946,1.0
-1.429,-2.393,0.0
1.646,3.629,1.0
1.979,2.785,1.0
0.776,1.559,1.0
0.159,0.1,1.0
1.568,-0.375,1.0
1.678,-0.377,1.0
0.22,1.141,1.0
1.75,1.956,1.0
-3.761,-4.694,0.0
-1.519,1.273,1.0
-3.492,-2.736,0.0
-1.42,-3.099,0.0
-2.945,-2.459,0.0
1.313,1.466,1.0
-2.395,-1.918,0.0
0.603,1.934,1.0
-2.206,-3.89,0.0
-1.374,-1.885,0.0
-2.64,-1.31,0.0
-3.073,-3.875,0.0
-1.057,-1.886,0.0
1.489,1.786,1.0
2.399,4.066,1.0
-0.161,3.879,1.0
-2.08,-1.3,0.0
-2.962,-2.317,0.0
-0.274,1.561,1.0
-1.953,-3.76,0.0
-2.632,-4.985,0.0
-1.152,-3.806,0.0
2.708,2.529,1.0
-0.949,-4.262,0.0
-0.27,1.288,1.0
1.312,1.365,1.0
-3.905,-4.455,0.0
-1.91,-2.66,0.0
1.436,0.674,1.0
-2.646,-1.697,0.0
-0.691,-3.712,0.0
-2.171,-3.546,0.0
1.068,-0.98,1.0
-1.369,-2.283,0.0
-0.897,2.616,1.0
-1.788,-2.235,0.0
-2.897,-3.131,0.0
-1.632,-2.848,0.0
-3.019,-2.927,0.0
-3.441,-2.226,0.0
1.62,2.181,1.0
-1.407,-1.192,0.0
-3.098,-2.395,0.0
-1.516,-3.276,0.0
-4.566,-3.171,0.0
1.939,2.613,1.0
-3.723,-3.425,0.0
-0.032,1.888,1.0
0.17,2.406,1.0
-2.438,-3.156,0.0
-0.008,2.787,1.0
-3.721,-3.62,0.0
0.401,0.189,1.0
-2.664,-4.16,0.0
-0.705,1.341,1.0
1.367,2.81,1.0
-1.803,-5.357,0.0
0.325,0.962,1.0
-2.014,-2.413,0.0
2.141,1.156,1.0
-2.943,-3.515,0.0
0.213,2.161,1.0
-1.374,-3.47,0.0
-0.878,-3.529,0.0
1.484,0.889,1.0
1.4,0.095,1.0
-2.87,-1.362,0.0
-2.037,-4.927,0.0
-3.475,-4.428,0.0
-2.985,-4.198,0.0
-1.595,-1.744,0.0
1.542,0.971,1.0
-1.931,-2.001,0.0
-1.762,-3.749,0.0
-1.074,-0.843,0.0
0.632,2.025,1.0
1.494,3.626,1.0
-1.215,-4.691,0.0
2.285,2.176,1.0
-2.368,-2.203,0.0
2.661,1.767,1.0
0.666,3.005,1.0
2.256,1.373,1.0
2.305,2.033,1.0
0.198,-2.778,0.0
1.97,1.739,1.0
-2.171,-4.683,0.0
-2.492,-2.41,0.0
-2.168,-2.515,0.0
-1.631,-1.776,0.0
1.529,0.84,1.0
-2.484,-2.981,0.0
1.511,1.01,1.0
-2.613,-3.532,0.0
0.888,2.092,1.0
-5.127,-2.066,0.0
1.401,2.678,1.0
-1.401,-2.514,0.0
-2.772,-3.371,0.0
0.686,0.793,1.0
-1.304,-1.835,0.0
2.084,3.545,1.0
2.103,1.587,1.0
-1.916,-2.767,0.0
-2.288,-2.368,0.0
1.986,2.837,1.0
-2.474,-0.839,0.0
-0.205,1.413,1.0
-1.479,-2.393,0.0
1.514,1.243,1.0
-0.969,0.276,1.0
0.48,1.661,1.0
0.575,3.304,1.0
1.307,2.565,1.0
-3.376,-1.889,0.0
1.756,0.873,1.0
-0.484,-3.285,0.0
2.732,0.434,1.0
2.009,4.058,1.0
0.929,2.798,1.0
2.469,1.652,1.0
-3.565,-2.026,0.0
-4.027,-2.28,0.0
-1.444,-0.759,0.0
1.683,1.753,1.0
0.616,2.563,1.0
1.898,2.629,1.0
-0.312,0.841,1.0
-0.245,2.093,1.0
-0.929,-4.664,0.0
-3.354,-2.523,0.0
0.609,1.862,1.0
1.529,2.786,1.0
-1.099,-3.902,0.0
-2.865,-4.127,0.0
-0.803,-2.988,0.0
-0.239,-1.719,0.0
-3.002,-4.52,0.0
-2.751,-2.596,0.0
-1.907,-2.904,0.0
-3.847,-4.186,0.0
1.049,2.707,1.0
1.128,1.389,1.0
-0.498,3.249,1.0
-3.363,-2.717,0.0
0.573,2.846,1.0
-2.496,-3.039,0.0
-0.263,-3.419,0.0
-1.951,-3.17,0.0
2.203,3.269,1.0
1.552,1.442,1.0
-0.841,-2.485,0.0
1.531,1.89,1.0
-4.756,-2.071,0.0
-2.533,-1.632,0.0
0.838,1.352,1.0
1.148,2.715,1.0
0.504,3.057,1.0
-1.104,-2.393,0.0
-3.989,-3.544,0.0
-0.035,0.648,1.0
1.233,2.893,1.0
-0.007,1.727,1.0
0.736,1.045,1.0
-2.574,-2.899,0.0
1.69,3.17,1.0
1.299,1.526,1.0
2.646,2.537,1.0
0.083,-2.177,0.0
2.602,0.635,1.0
-1.613,-0.538,0.0
1.311,3.453,1.0
-1.273,-2.274,0.0
-1.962,-2.668,0.0
0.64,2.847,1.0
-2.334,-3.306,0.0
-3.584,-3.611,0.0
-1.103,-2.863,0.0
1.407,1.172,1.0
-2.497,-3.036,0.0
1.32,2.716,1.0
2.095,0.543,1.0
0.415,2.587,1.0
-2.517,-2.459,0.0
-3.458,-3.656,0.0
1.913,1.709,1.0
-2.676,-3.662,0.0
-0.252,1.989,1.0
-1.052,-2.532,0.0
-2.74,-4.749,0.0
-1.16,-1.351,0.0
0.663,2.541,1.0
-1.588,-3.465,0.0
-3.369,-2.656,0.0
0.504,1.025,1.0
-0.22,-1.887,0.0
-3.536,-3.177,0.0
1.483,2.532,1.0
-2.843,-3.883,0.0
1.915,1.59,1.0
2.101,2.234,1.0
1.578,2.733,1.0
1.803,3.039,1.0
-2.878,-3.018,0.0
1.032,3.384,1.0
-2.58,-2.45,0.0
-1.972,-2.156,0.0
-4.113,-2.84,0.0
-3.003,-2.484,0.0
-1.425,-3.021,0.0
-2.488,-4.104,0.0
1.073,1.912,1.0
1.535,0.184,1.0
-3.808,-3.51,0.0
-0.61,3.484,1.0
1.489,2.965,1.0
1.676,1.401,1.0
1.881,0.532,1.0
-0.29,2.502,1.0
1.084,2.079,1.0
-1.877,-3.198,0.0
-3.794,-3.938,0.0
0.279,2.473,1.0
-1.0,2.108,1.0
-0.827,-4.288,0.0
0.809,3.184,1.0
-2.792,-1.228,0.0
-2.738,-2.783,0.0
-0.575,-2.162,0.0
3.521,0.811,1.0
2.537,1.899,1.0
-2.829,-2.293,0.0
-2.786,-2.971,0.0
0.562,3.878,1.0
-3.314,-2.488,0.0
2.0,2.1,1.0
-0.225,1.09,1.0
-1.796,-3.788,0.0
-2.629,-2.312,0.0
-2.585,-5.066,0.0
2.374,3.585,1.0
-1.161,-3.089,0.0
1.914,3.022,1.0
-2.381,-4.119,0.0
-2.62,-2.377,0.0
0.908,1.024,1.0
0.69,2.002,1.0
3.31,0.239,1.0
-3.423,-1.334,0.0
-1.559,-3.187,0.0
-2.816,-3.639,0.0
-0.321,-2.789,0.0
-0.357,0.24,1.0
2.014,0.677,1.0
1.783,3.423,1.0
-1.962,-4.182,0.0
-2.401,-3.272,0.0
-2.987,-2.245,0.0
-3.45,-3.19,0.0
1.48,0.087,1.0
-1.307,-3.329,0.0
-2.29,-3.178,0.0
-0.546,3.107,1.0
-1.412,-2.586,0.0
-2.456,-1.581,0.0
-0.371,1.868,1.0
1.114,2.292,1.0
-2.537,-2.771,0.0
1.183,1.669,1.0
-0.971,-2.581,0.0
-0.935,-2.4,0.0
-4.828,-2.225,0.0
0.143,1.36,1.0
-2.379,-1.875,0.0
-2.063,-3.379,0.0
-2.494,-2.285,0.0
1.286,2.775,1.0
1.155,1.843,1.0
0.527,1.905,1.0
-2.174,-4.325,0.0
2.061,3.591,1.0
2.915,4.011,1.0
0.682,-5.462,0.0
-3.039,-2.936,0.0
1.225,2.189,1.0
0.358,1.552,1.0
1.74,2.404,1.0
-1.109,-3.135,0.0
-2.191,-2.124,0.0
-2.888,-2.721,0.0
2.078,3.1,1.0
2.413,2.567,1.0
-2.535,-3.824,0.0
-3.514,-3.009,0.0
-3.705,-2.225,0.0
0.677,2.462,1.0
-0.215,-2.626,0.0
-1.435,-4.66,0.0
0.889,3.077,1.0
-3.096,-2.185,0.0
-3.696,-1.678,0.0
-0.418,1.544,1.0
-1.148,-2.171,0.0
-2.328,-3.626,0.0
-1.732,-2.378,0.0
1.408,2.393,1.0
3.438,3.482,1.0
-0.966,-0.056,1.0
-1.046,-2.421,0.0
0.68,2.078,1.0
-3.037,-3.04,0.0
-0.973,-1.393,0.0
-3.031,-3.474,0.0
1.606,1.063,1.0
-3.001,-3.461,0.0
0.726,2.374,1.0
-2.892,-4.925,0.0
-1.508,-2.83,0.0
-1.236,-4.246,0.0
-1.755,-3.101,0.0
1.106,3.012,1.0
-0.809,-3.323,0.0
-2.54,-3.665,0.0
-2.141,-3.332,0.0
-0.519,1.256,1.0
1.045,2.09,1.0
0.319,2.308,1.0
1.21,2.992,1.0
-2.653,-4.155,0.0
-3.674,-1.742,0.0
0.006,2.312,1.0
0.627,2.144,1.0
-2.487,-4.14,0.0
0.327,1.397,1.0
1.011,3.8,1.0
-2.802,-4.178,0.0
-0.904,1.233,1.0
-2.195,-2.565,0.0
-1.999,-2.217,0.0
0.604,2.544,1.0
1.989,2.235,1.0
-1.081,2.752,1.0
1.812,4.09,1.0
-1.988,-2.05,0.0
-1.058,-4.377,0.0
-2.296,-2.989,0.0
1.872,1.521,1.0
-0.262,1.595,1.0
1.626,1.793,1.0
-2.412,-3.107,0.0
1.758,1.957,1.0
1.455,2.724,1.0
0.07,-4.016,0.0
1.375,-0.231,1.0
-1.039,-4.88,0.0
0.446,2.442,1.0
-0.874,-3.079,0.0
1.739,2.316,1.0
-1.186,-1.593,0.0
-1.737,-4.5,0.0
-1.583,-3.288,0.0
0.99,1.589,1.0
-1.37,-3.14,0.0
-3.039,-3.406,0.0
1.421,1.847,1.0
-3.735,-0.949,0.0
1.288,3.688,1.0
-2.535,-4.178,0.0
-1.676,-3.622,0.0
-2.64,-2.428,0.0
-1.618,-2.827,0.0
0.94,2.586,1.0
1.178,0.639,1.0
-2.548,-2.639,0.0
1.446,1.049,1.0
-0.838,3.686,1.0
2.407,1.623,1.0
2.21,2.864,1.0
-1.986,-2.152,0.0
-2.508,-2.639,0.0
0.559,2.634,1.0
0.892,4.119,1.0
0.992,3.025,1.0
-2.598,-1.122,0.0
-1.776,-3.48,0.0
0.572,2.781,1.0
-2.511,-3.253,0.0
2.406,2.824,1.0
1.035,2.932,1.0
-0.506,1.07,1.0
-2.507,-1.206,0.0
1.711,1.436,1.0
-0.0,2.257,1.0
-1.169,-1.25,0.0
-2.985,-2.378,0.0
-3.152,-1.684,0.0
1.519,3.598,1.0
1.429,-0.172,1.0
-0.158,2.465,1.0
-2.85,-3.214,0.0
-1.519,-2.135,0.0
-0.289,2.517,1.0
-1.55,-2.843,0.0
0.122,1.423,1.0
1.893,2.698,1.0
-2.324,-2.599,0.0
2.553,2.678,1.0
0.376,1.536,1.0
-1.415,-3.315,0.0
0.098,-2.915,0.0
-1.106,0.392,1.0
-1.981,-3.19,0.0
-3.01,-3.548,0.0
-4.533,-2.348,0.0
-3.342,-4.064,0.0
0.965,2.043,1.0
-0.473,-1.045,0.0
0.113,1.58,1.0
-2.332,-1.037,0.0
-1.727,-3.12,0.0
2.668,1.1,1.0
1.394,2.118,1.0
-3.844,-3.669,0.0
1.16,3.029,1.0
0.488,2.673,1.0
2.246,0.4,1.0
-3.532,-2.653,0.0
3.37,3.043,1.0
-0.288,1.917,1.0
-2.197,-2.631,0.0
-1.68,-2.82,0.0
0.924,0.856,1.0
-3.607,-2.707,0.0
1.491,2.854,1.0
-0.113,0.425,1.0
1.39,2.591,1.0
-0.925,-3.124,0.0
1.508,1.613,1.0
-1.96,-3.937,0.0
-2.421,-3.49,0.0
-1.111,-2.078,0.0
-1.635,-2.515,0.0
0.744,2.891,1.0
-3.363,-2.947,0.0
-2.06,-3.114,0.0
1.422,3.171,1.0
-1.676,-4.333,0.0
-1.885,-4.149,0.0
2.032,3.248,1.0
-1.257,-3.773,0.0
-1.422,-3.996,0.0
-1.722,-1.978,0.0
-0.454,-4.692,0.0
-3.43,-1.119,0.0
-3.99,-3.76,0.0
-2.653,-2.589,0.0
-3.353,-2.588,0.0
1.707,4.44,1.0
-2.113,-3.611,0.0
2.761,-1.054,1.0
-0.265,1.078,1.0
-1.39,-3.584,0.0
2.191,2.966,1.0
-0.84,2.812,1.0
-1.37,-3.397,0.0
1.845,1.733,1.0
-0.283,-0.46,1.0
2.985,1.47,1.0
1.363,0.81,1.0
-0.456,-1.778,0.0
0.683,2.489,1.0
1.673,3.338,1.0
-0.141,1.098,1.0
-0.694,-4.239,0.0
-0.061,1.288,1.0
0.745,0.184,1.0
0.754,1.153,1.0
-1.956,-4.012,0.0
0.844,1.142,1.0
-1.551,-4.077,0.0
0.159,-2.274,0.0
1.76,1.585,1.0
2.558,3.856,1.0
1.604,0.885,1.0
1.968,3.415,1.0
-0.782,-3.041,0.0
0.18,1.983,1.0
1.297,0.927,1.0
1.758,3.105,1.0
0.902,3.067,1.0
-2.454,-3.435,0.0
0.566,-2.968,0.0
0.907,1.894,1.0
-2.348,-2.122,0.0
-0.895,-3.929,0.0
-1.754,-3.305,0.0
-0.81,-5.271,0.0
-0.61,-4.983,0.0
1.189,0.836,1.0
-3.946,-4.044,0.0
-3.808,-6.155,0.0
-0.482,-3.136,0.0
-1.347,-3.855,0.0
0.778,3.331,1.0
-2.301,-3.747,0.0
2.633,2.044,1.0
-3.488,-2.662,0.0
0.4,2.602,1.0
-2.112,-3.896,0.0
0.407,1.583,1.0
-2.309,-3.312,0.0
0.988,1.293,1.0
-0.445,2.385,1.0
1.745,1.496,1.0
-1.74,-3.287,0.0
0.851,0.523,1.0
0.053,2.175,1.0
1.244,0.421,1.0
0.221,2.548,1.0
-1.425,-2.475,0.0
-1.708,-3.101,0.0
1.078,2.456,1.0
-0.059,3.148,1.0
-1.664,-4.011,0.0
-0.189,2.587,1.0
0.566,3.127,1.0
-0.569,1.953,1.0
-0.699,-2.011,0.0
2.512,1.96,1.0
1.748,2.41,1.0
-0.514,-2.655,0.0
-0.655,-3.898,0.0
-1.133,-1.569,0.0
2.108,2.802,1.0
-3.496,-3.229,0.0
-1.908,-3.589,0.0
1.769,1.934,1.0
-2.453,-2.745,0.0
2.991,2.352,1.0
-1.286,-4.406,0.0
0.362,1.893,1.0
3.251,2.663,1.0
-2.921,-2.463,0.0
-0.884,-2.819,0.0
1.389,2.396,1.0
0.895,1.473,1.0
-0.771,-3.387,0.0
-1.375,-2.42,0.0
-1.971,-3.032,0.0
-2.092,-3.441,0.0
3.376,1.233,1.0
-1.557,-1.312,0.0
-2.233,-2.354,0.0
0.979,2.949,1.0
0.653,1.885,1.0
0.884,0.626,1.0
-1.536,-4.065,0.0
-0.816,-1.429,0.0
-1.215,-3.852,0.0
-0.866,-3.315,0.0
-0.312,-4.359,0.0
0.484,-2.648,0.0
0.566,3.105,1.0
-1.803,-0.895,0.0
1.784,2.124,1.0
1.509,1.694,1.0
0.983,2.197,1.0
-1.896,-3.034,0.0
0.481,1.751,1.0
1.088,2.229,1.0
0.779,2.133,1.0
1.532,2.991,1.0
-1.79,-3.591,0.0
-2.515,-4.057,0.0
-2.918,-4.671,0.0
-3.731,-3.32,0.0
-1.277,-1.567,0.0
2.166,1.624,1.0
-0.189,-3.045,0.0
1.791,2.562,1.0
0.48,2.259,1.0
-2.526,-4.02,0.0
-3.021,-3.894,0.0
-2.379,-3.27,0.0
-1.125,-2.094,0.0
0.787,2.136,1.0
1.058,2.891,1.0
1.136,3.188,1.0
1.831,2.198,1.0
-1.058,0.948,1.0
-2.282,-3.246,0.0
-1.243,-3.836,0.0
0.485,2.749,1.0
-0.249,2.657,1.0
-1.186,-3.535,0.0
1.441,2.014,1.0
0.775,4.014,1.0
1.101,0.605,1.0
-3.729,-3.872,0.0
-0.113,-3.983,0.0
-3.277,-3.351,0.0
2.007,3.757,1.0
-0.247,-2.533,0.0
-2.781,-3.822,0.0
-2.182,-3.557,0.0
0.652,0.972,1.0
2.054,1.727,1.0
0.232,2.58,1.0
2.75,3.93,1.0
2.099,2.786,1.0
-1.171,-1.898,0.0
-0.751,-2.308,0.0
0.859,-0.928,1.0
0.622,-3.694,0.0
0.012,-3.54,0.0
2.205,2.941,1.0
-4.767,-4.837,0.0
-2.164,-2.751,0.0
2.248,3.304,1.0
-3.084,-1.061,0.0
-0.317,2.706,1.0
0.286,2.516,1.0
-3.409,-1.229,0.0
-1.647,-4.062,0.0
2.697,2.433,1.0
1.314,0.325,1.0
-0.236,-3.298,0.0
-0.145,-4.356,0.0
-2.937,-2.966,0.0
0.119,1.11,1.0
1.208,2.161,1.0
0.08,3.161,1.0
-2.514,-3.926,0.0
-2.217,-3.645,0.0
-2.782,-2.449,0.0
-2.049,-0.706,0.0
1.144,2.109,1.0
-1.619,-2.833,0.0
1.222,1.321,1.0
1.464,3.903,1.0
-0.227,-4.957,0.0
1.271,0.116,1.0
0.236,2.204,1.0
-2.769,-2.891,0.0
1.634,2.389,1.0
-2.542,-4.365,0.0
-0.53,1.449,1.0
1.582,2.039,1.0
-3.003,-2.723,0.0
1.776,1.301,1.0
-1.41,-3.274,0.0
-0.009,3.227,1.0
-1.371,-2.104,0.0
1.601,1.612,1.0
-0.57,2.337,1.0
0.124,2.979,1.0
-1.171,-3.104,0.0
-1.874,-2.731,0.0
-3.038,-3.404,0.0
-2.368,-3.84,0.0
-1.915,-3.105,0.0
-1.764,-4.62,0.0
-1.23,-2.168,0.0
-2.748,-1.618,0.0
-0.011,2.04,1.0
0.812,1.965,1.0
0.748,1.282,1.0
1.459,3.687,1.0
2.892,2.392,1.0
-1.039,-4.101,0.0
0.317,2.561,1.0
1.98,2.268,1.0
-0.671,-4.899,0.0
1.129,2.28,1.0
0.304,-1.465,0.0
-0.828,1.973,1.0
-2.903,-3.266,0.0
-1.366,-2.483,0.0
0.321,1.907,1.0
2.089,1.416,1.0
-1.75,-1.735,0.0
-1.937,-3.689,0.0
2.334,2.53,1.0
-3.081,-3.469,0.0
-2.552,-3.431,0.0
-0.844,-4.543,0.0
0.049,1.12,1.0
-1.264,-1.779,0.0
0.88,0.905,1.0
-0.304,0.676,1.0
-1.379,-3.563,0.0
0.856,0.911,1.0
2.701,-0.36,1.0
1.133,0.683,1.0
-1.937,-3.369,0.0
1.794,0.714,1.0
-1.924,-4.357,0.0
1.698,2.851,1.0
-2.322,-3.111,0.0
2.144,1.88,1.0
2.432,0.849,1.0
-0.841,1.865,1.0
-1.767,-5.083,0.0
-2.328,-4.855,0.0
2.681,2.426,1.0
-3.883,-1.753,0.0
-1.041,-3.02,0.0
-3.371,-3.444,0.0
1.456,2.47,1.0
0.973,3.383,1.0
1.142,3.042,1.0
-2.432,-2.979,0.0
-1.671,-2.143,0.0
-0.595,1.531,1.0
-1.779,-3.455,0.0
1.181,3.342,1.0
-0.442,-2.415,0.0
-2.435,-3.608,0.0
2.238,3.444,1.0
1.265,1.835,1.0
0.833,2.176,1.0
-2.971,-2.765,0.0
2.562,-0.386,1.0
0.506,2.556,1.0
-2.182,-2.809,0.0
0.063,2.995,1.0
0.526,3.184,1.0
-1.215,-2.331,0.0
1.825,1.767,1.0
2.787,0.003,1.0
1.781,3.053,1.0
-0.062,-2.167,0.0
-1.489,-1.909,0.0
2.595,2.918,1.0
0.967,0.983,1.0
-2.752,-2.142,0.0
-0.709,1.65,1.0
-0.326,-2.808,0.0
-1.646,-3.373,0.0
0.381,2.79,1.0
-1.815,-1.103,0.0
-3.88,-1.583,0.0
-1.859,-3.707,0.0
0.792,2.52,1.0
-0.208,1.496,1.0
-2.93,-3.421,0.0
0.276,2.609,1.0
-1.964,-4.143,0.0
1.017,2.108,1.0
-1.953,-1.24,0.0
-2.43,-4.499,0.0
2.477,3.636,1.0
0.607,3.169,1.0
-2.989,-4.698,0.0
-2.654,-3.596,0.0
3.439,1.922,1.0
3.425,3.216,1.0
-0.03,0.528,1.0
-1.857,-4.555,0.0
-1.358,-2.896,0.0
2.229,0.152,1.0
1.946,1.993,1.0
0.496,2.591,1.0
2.493,2.703,1.0
-0.791,1.376,1.0
0.981,1.896,1.0
0.889,3.682,1.0
1.067,3.47,1.0
-0.84,-2.166,0.0
-1.849,-3.97,0.0
0.383,2.224,1.0
-0.342,3.262,1.0
-1.066,-4.22,0.0
-3.054,-3.267,0.0
1.042,2.819,1.0
-1.771,-3.672,0.0
-1.757,-2.47,0.0
1.927,1.871,1.0
-0.475,1.611,1.0
1.675,1.567,1.0
3.396,1.329,1.0
-0.161,0.899,1.0
1.661,-0.284,1.0
1.684,2.382,1.0
-2.905,-3.241,0.0
-2.593,-2.677,0.0
0.181,3.175,1.0
0.659,1.869,1.0
2.293,2.903,1.0
-1.597,-2.083,0.0
-0.66,-3.13,0.0
-0.365,2.545,1.0
1.639,3.459,1.0
-1.209,-4.577,0.0
-2.232,-0.306,0.0
1.997,2.395,1.0
-1.017,-1.851,0.0
2.18,3.241,1.0
1.3,1.801,1.0
2.003,1.804,1.0
-2.832,-2.375,0.0
-3.417,-3.249,0.0
1.426,2.625,1.0
1.48,1.848,1.0
-3.385,-1.41,0.0
1.527,1.701,1.0
-3.833,-2.712,0.0
2.685,1.178,1.0
-3.211,-4.035,0.0
-1.817,-2.953,0.0
-0.604,-4.814,0.0
-1.434,-3.008,0.0
0.859,1.661,1.0
-3.374,-4.116,0.0
2.587,2.51,1.0
-0.623,1.672,1.0
-0.829,-1.479,0.0
1.974,2.39,1.0
2.457,2.95,1.0
-1.209,-3.208,0.0
-0.067,3.791,1.0
-2.681,-2.701,0.0
0.503,0.646,1.0
-2.655,-2.619,0.0
1.81,2.264,1.0
-0.693,3.13,1.0
0.991,1.785,1.0
-2.496,-2.372,0.0
-0.738,2.818,1.0
-1.049,-3.712,0.0
0.766,0.704,1.0
-2.788,-3.459,0.0
-2.083,-0.972,0.0
-3.235,-2.329,0.0
2.649,2.058,1.0
-3.803,-3.819,0.0
-0.22,2.006,1.0
0.4,1.438,1.0
2.669,2.75,1.0
-3.559,-2.372,0.0
2.702,0.377,1.0
-2.563,-2.243,0.0
-3.613,-0.886,0.0
-0.112,1.654,1.0
0.175,3.536,1.0
-0.712,-1.927,0.0
-0.808,-2.76,0.0
-1.256,-3.664,0.0
-2.135,-4.31,0.0
-2.039,-2.427,0.0
2.299,2.462,1.0
-1.785,-3.31,0.0
1.028,1.362,1.0
-1.945,-2.36,0.0
-1.476,-2.617,0.0
-1.703,-2.499,0.0
-1.931,-2.039,0.0
1.556,2.938,1.0
-4.137,-2.534,0.0
1.037,1.256,1.0
0.634,3.243,1.0
0.185,1.557,1.0
2.756,1.064,1.0
0.773,2.821,1.0
-1.564,-0.919,0.0
0.549,2.855,1.0
0.187,2.476,1.0
-1.676,-2.495,0.0
-2.431,-3.425,0.0
2.137,0.901,1.0
1.418,2.005,1.0
-1.511,-2.263,0.0
-1.382,-2.219,0.0
-0.438,1.379,1.0
-1.121,1.835,1.0
-1.6,-2.056,0.0
-0.881,-0.236,0.0
1.302,-0.182,1.0
0.762,3.225,1.0
-0.351,3.283,1.0
1.59,2.545,1.0
1.8,2.53,1.0
-1.133,-3.714,0.0
-0.955,-3.707,0.0
-1.161,-1.645,0.0
-1.575,-3.968,0.0
0.33,1.293,1.0
-0.403,-3.564,0.0
2.999,3.243,1.0
1.597,2.004,1.0
-1.652,-2.702,0.0
-2.543,-3.42,0.0
-3.448,-1.96,0.0
-1.907,-4.587,0.0
-1.37,-2.852,0.0
0.904,0.9,1.0
0.993,3.233,1.0
-3.531,-2.623,0.0
-3.302,-3.409,0.0
-1.486,-3.609,0.0
-0.334,1.84,1.0
1.947,0.325,1.0
-3.851,-1.728,0.0
0.859,1.234,1.0
-1.847,-3.798,0.0
-0.833,-2.828,0.0
-0.701,1.769,1.0
-1.18,-2.319,0.0
0.388,1.52,1.0
-2.398,-3.611,0.0
-2.769,-2.116,0.0
0.981,3.244,1.0
-1.513,-3.259,0.0
0.66,3.62,1.0
1.617,0.786,1.0
-0.991,-2.948,0.0
-0.576,-4.039,0.0
-2.378,-4.093,0.0
0.771,0.83,1.0
-0.471,-2.694,0.0
0.842,0.521,1.0
-2.408,-3.068,0.0
-2.031,-1.826,0.0
2.744,2.48,1.0
1.601,2.863,1.0
0.661,1.996,1.0
-0.178,1.929,1.0
1.736,2.648,1.0
-2.382,-3.058,0.0
2.145,1.717,1.0
-0.236,0.06,1.0
0.798,2.107,1.0
2.601,1.349,1.0
1.061,3.446,1.0
-2.83,-3.66,0.0
-1.635,-2.833,0.0
1.618,1.096,1.0
-1.55,-4.016,0.0
0.643,1.692,1.0
-1.582,-3.491,0.0
-3.806,-2.021,0.0
1.77,2.338,1.0
1.274,-0.228,1.0
1.695,1.663,1.0
-1.797,-1.848,0.0
0.856,3.187,1.0
0.949,2.656,1.0
-0.449,-3.646,0.0
0.403,3.407,1.0
-2.774,-2.975,0.0
-1.523,-2.978,0.0
0.919,1.933,1.0
-1.71,-2.164,0.0
-2.443,-3.558,0.0
-0.768,-3.697,0.0
-0.497,-2.891,0.0
-0.25,3.41,1.0
-2.037,-3.415,0.0
0.33,0.952,1.0
-2.372,-3.409,0.0
-2.477,-4.433,0.0
1.651,3.197,1.0
-1.145,2.313,1.0
2.015,1.27,1.0
1.704,0.878,1.0
-0.477,-0.799,0.0
1.629,1.368,1.0
-1.035,-3.072,0.0
-3.559,-3.246,0.0
0.991,3.378,1.0
-2.169,-4.254,0.0
0.137,3.853,1.0
2.182,2.226,1.0
-1.583,-3.174,0.0
-1.303,-3.196,0.0
-1.52,-3.102,0.0
-0.068,1.61,1.0
-1.911,-3.458,0.0
1.53,0.974,1.0
-1.212,-3.46,0.0
-3.399,-1.655,0.0
0.879,1.813,1.0
1.789,2.668,1.0
1.448,0.672,1.0
0.651,1.306,1.0
0.174,-3.233,0.0
-1.597,-2.547,0.0
-2.192,-3.61,0.0
-1.852,-3.322,0.0
-2.263,-4.074,0.0
-0.214,4.056,1.0
-1.707,-1.777,0.0
2.329,2.957,1.0
1.491,0.734,1.0
-2.89,-5.071,0.0
-1.47,-3.602,0.0
0.689,1.336,1.0
-4.395,-4.113,0.0
-1.055,-3.157,0.0
-1.577,-1.672,0.0
-3.237,-3.561,0.0
0.467,2.145,1.0
-1.818,-3.474,0.0
2.008,4.047,1.0
-3.074,-3.131,0.0
1.509,2.926,1.0
0.918,1.206,1.0
1.526,0.399,1.0
0.26,1.296,1.0
1.492,2.141,1.0
-1.211,-2.058,0.0
-1.568,-2.817,0.0
-0.19,3.461,1.0
-1.502,-3.767,0.0
1.978,0.31,1.0
-2.978,-1.996,0.0
-2.692,-3.779,0.0
0.88,1.962,1.0
-2.204,-2.808,0.0
-2.952,-3.111,0.0
0.766,1.376,1.0
0.382,1.773,1.0
-1.658,-2.481,0.0
-2.406,-4.525,0.0
-1.829,-4.273,0.0
-1.569,-2.885,0.0
-1.567,-2.764,0.0
1.562,-0.101,1.0
2.83,2.809,1.0
-1.52,-1.505,0.0
-1.502,-3.371,0.0
0.678,2.113,1.0
-2.006,-2.728,0.0
0.888,-0.082,1.0
-0.636,-0.987,0.0
0.245,2.131,1.0
-2.136,-2.68,0.0
2.031,2.402,1.0
-2.515,-3.524,0.0
2.349,2.286,1.0
0.944,1.159,1.0
-0.709,-2.547,0.0
2.083,1.158,1.0
-1.883,-3.705,0.0
-2.197,-3.848,0.0
1.409,0.614,1.0
0.682,0.805,1.0
-2.065,-2.792,0.0
-1.807,-4.568,0.0
-0.499,-4.969,0.0
0.473,3.301,1.0
1.46,1.337,1.0
0.698,2.77,1.0
1.211,3.033,1.0
1.687,0.667,1.0
1.117,3.0,1.0
-2.385,-3.72,0.0
-2.671,-2.499,0.0
0.807,2.534,1.0
3.067,3.154,1.0
0.702,3.125,1.0
0.989,1.792,1.0
1.2,1.129,1.0
-0.043,2.132,1.0
-0.049,1.636,1.0
1.104,0.872,1.0
1.727,2.812,1.0
-2.534,-3.779,0.0
1.032,2.78,1.0
0.965,0.728,1.0
-0.244,0.089,1.0
0.993,2.053,1.0
-0.647,-3.345,0.0
-0.993,0.426,1.0
-1.037,-3.158,0.0
-1.836,-3.749,0.0
-1.65,-3.142,0.0
2.099,1.526,1.0
-4.077,-2.687,0.0
-1.997,-1.62,0.0
2.103,-0.434,1.0
2.463,-0.279,1.0
-1.792,-2.232,0.0
0.467,1.488,1.0
0.062,1.422,1.0
2.441,1.867,1.0
0.614,0.906,1.0
0.93,2.832,1.0
-2.135,-1.844,0.0
0.987,2.527,1.0
2.827,2.515,1.0
0.516,2.022,1.0
-2.41,-3.001,0.0
0.214,3.205,1.0
0.61,1.435,1.0
-1.688,-2.788,0.0
-1.845,-2.961,0.0
2.941,2.027,1.0
0.69,2.675,1.0
0.615,0.373,1.0
-1.985,-4.131,0.0
1.224,0.504,1.0
-3.141,-1.322,0.0
-1.697,-3.984,0.0
-1.325,-2.257,0.0
-2.458,-2.92,0.0
-2.99,-3.705,0.0
1.545,1.515,1.0
-1.474,-2.545,0.0
1.264,2.902,1.0
0.658,1.369,1.0
-3.952,-3.024,0.0
1.676,2.22,1.0
-1.445,-3.895,0.0
1.855,2.911,1.0
0.186,1.915,1.0
-2.318,-2.223,0.0
1.156,1.393,1.0
-1.457,-2.655,0.0
-1.587,-2.843,0.0
-0.782,-2.349,0.0
1.12,2.281,1.0
0.484,1.749,1.0
0.738,3.55,1.0
1.764,1.653,1.0
-0.382,3.398,1.0
2.134,0.657,1.0
1.011,2.807,1.0
-1.322,-3.197,0.0
0.222,2.309,1.0
2.342,2.927,1.0
-2.03,-2.661,0.0
0.733,3.264,1.0
-3.156,-3.023,0.0
1.069,2.398,1.0
-2.116,-4.427,0.0
-0.155,2.175,1.0
2.287,2.762,1.0
-0.436,1.155,1.0
1.002,1.638,1.0
-1.568,-1.069,0.0
-2.574,-4.396,0.0
1.12,0.724,1.0
-1.935,-2.864,0.0
0.751,1.646,1.0
-2.675,-3.87,0.0
-2.42,-2.683,0.0
-0.466,-3.701,0.0
0.424,1.666,1.0
1.266,-2.983,0.0
-2.432,-2.063,0.0
0.39,2.816,1.0
-1.857,-3.171,0.0
-4.586,-2.614,0.0
2.224,2.912,1.0
-1.208,-2.381,0.0
-1.468,-4.487,0.0
-2.365,-2.364,0.0
-0.058,1.184,1.0
0.842,3.488,1.0
1.571,4.229,1.0
0.671,-1.99,0.0
2.042,-0.297,1.0
-1.974,-2.825,0.0
-1.575,-4.361,0.0
1.401,3.226,1.0
-3.499,-2.579,0.0
1.08,2.661,1.0
1.742,1.165,1.0
-0.329,2.272,1.0
-0.023,-1.201,0.0
-1.349,-3.625,0.0
1.174,2.817,1.0
0.326,0.849,1.0
-0.969,-1.099,0.0
1.558,3.483,1.0
-2.919,-2.745,0.0
-1.7,-4.566,0.0
1.282,0.822,1.0
-2.083,-1.839,0.0
0.375,0.2,1.0
-2.936,-0.839,0.0
-2.019,-4.779,0.0
-1.784,-3.809,0.0
-3.111,-2.77,0.0
-0.455,1.018,1.0
0.403,0.62,1.0
2.505,2.434,1.0
-0.621,1.787,1.0
1.921,2.978,1.0
1.307,3.856,1.0
-1.418,-2.878,0.0
-0.125,2.611,1.0
-0.079,1.737,1.0
1.045,1.927,1.0
-1.89,-2.071,0.0
3.057,2.301,1.0
-0.649,-3.076,0.0
-1.91,-3.204,0.0
-1.534,-4.71,0.0
-3.184,-2.81,0.0
-0.685,-3.214,0.0
-2.325,-2.641,0.0
-3.278,-4.421,0.0
1.004,2.303,1.0
1.893,3.37,1.0
-2.071,-1.724,0.0
0.083,-4.285,0.0
-1.477,-5.326,0.0
0.443,1.178,1.0
-1.321,2.052,1.0
0.806,0.859,1.0
-2.754,-4.297,0.0
0.551,1.441,1.0
-0.093,2.944,1.0
-2.515,-3.452,0.0
1.206,1.264,1.0
-1.221,0.936,1.0
-0.236,2.625,1.0
-2.022,-3.063,0.0
1.358,1.11,1.0
-2.825,-1.512,0.0
1.501,0.032,1.0
1.69,2.72,1.0
-0.717,-3.127,0.0
-2.581,-2.436,0.0
-0.082,2.481,1.0
1.66,1.526,1.0
0.377,1.398,1.0
0.626,3.457,1.0
-0.064,3.676,1.0
1.01,3.053,1.0
2.211,2.98,1.0
1.796,3.542,1.0
1.871,3.252,1.0
-0.001,1.668,1.0
1.613,2.3,1.0
1.406,1.967,1.0
2.475,1.639,1.0
-2.042,-3.167,0.0
-1.315,-2.961,0.0
0.622,3.168,1.0
-2.93,-3.027,0.0
1.484,1.891,1.0
-4.399,-1.83,0.0
-1.968,-2.715,0.0
-2.811,-2.365,0.0
-2.604,-2.255,0.0
-0.725,2.839,1.0
-3.435,-2.162,0.0
1.472,2.448,1.0
0.597,-3.058,0.0
0.032,1.668,1.0
0.398,-1.91,0.0
-2.391,-2.296,0.0
-3.231,-3.545,0.0
-2.162,-4.662,0.0
0.412,3.694,1.0
1.578,2.752,1.0
-2.247,-1.668,0.0
-2.285,-2.178,0.0
0.966,-0.398,1.0
-2.051,-3.442,0.0
0.686,2.892,1.0
0.294,1.345,1.0
-0.281,0.692,1.0
-1.853,-2.575,0.0
1.486,2.935,1.0
1.244,0.593,1.0
-3.122,-2.653,0.0
0.104,1.476,1.0
-1.197,-2.917,0.0
-0.632,-2.509,0.0
-0.909,-3.89,0.0
-3.478,-2.704,0.0
-2.055,-1.88,0.0
-2.286,-4.125,0.0
-3.198,-0.789,0.0
-0.534,1.279,1.0
1.058,1.571,1.0
1.896,0.528,1.0
0.065,-0.998,1.0
1.759,2.783,1.0
-0.612,2.032,1.0
-0.361,3.182,1.0
3.516,1.749,1.0
1.917,1.1,1.0
-2.319,-4.369,0.0
-0.405,0.905,1.0
0.417,1.672,1.0
-0.006,3.048,1.0
-2.059,-3.354,0.0
-4.166,-1.353,0.0
-0.514,1.973,1.0
-0.675,-2.742,0.0
-0.233,1.746,1.0
-1.216,-3.461,0.0
0.457,1.204,1.0
-3.054,-3.739,0.0
1.081,2.982,1.0
-2.082,-3.09,0.0
-2.413,-3.294,0.0
0.172,1.628,1.0
-0.35,-4.793,0.0
-1.739,-3.324,0.0
-0.874,-2.885,0.0
0.391,2.498,1.0
1.458,1.398,1.0
1.308,1.0,1.0
-2.783,-3.468,0.0
1.0,3.427,1.0
1.416,1.873,1.0
-2.895,-3.399,0.0
0.002,0.235,1.0
-0.199,1.715,1.0
0.291,2.676,1.0
-2.08,-3.944,0.0
2.477,0.891,1.0
-1.023,-3.31,0.0
-1.809,-1.911,0.0
3.319,1.126,1.0
-0.474,-2.502,0.0
2.007,3.3,1.0
0.494,1.589,1.0
1.008,2.788,1.0
-1.893,-2.497,0.0
0.931,0.348,1.0
-3.022,-3.653,0.0
1.507,0.918,1.0
-2.808,-1.516,0.0
1.462,0.766,1.0
-3.439,-3.485,0.0
-2.44,-1.253,0.0
0.781,1.51,1.0
-3.029,-1.965,0.0
1.243,3.864,1.0
0.756,2.296,1.0
-1.44,-3.27,0.0
-1.942,-2.887,0.0
-4.475,-3.665,0.0
1.794,2.394,1.0
1.342,2.302,1.0
0.073,2.33,1.0
1.094,-0.132,1.0
-2.431,-4.769,0.0
0.628,3.408,1.0
0.468,0.824,1.0
0.125,3.198,1.0
-1.983,-3.236,0.0
0.928,2.547,1.0
2.212,0.956,1.0
1.043,1.425,1.0
2.247,3.412,1.0
-2.556,-0.97,0.0
0.521,3.515,1.0
-1.271,-2.953,0.0
1.427,2.717,1.0
-0.072,-2.392,0.0
-0.059,1.667,1.0
1.996,2.136,1.0
-2.493,-1.817,0.0
-1.435,2.275,1.0
0.544,2.156,1.0
0.939,3.038,1.0
0.064,2.931,1.0
-0.971,-1.593,0.0
-1.816,-3.29,0.0
-1.901,-2.453,0.0
-2.019,-2.349,0.0
-0.441,1.842,1.0
-1.536,-3.05,0.0
-2.504,-1.879,0.0
-2.22,-1.397,0.0
-2.101,-3.56,0.0
2.271,3.522,1.0
0.775,2.682,1.0
-2.058,-3.668,0.0
1.179,2.428,1.0
-2.445,-5.204,0.0
-2.194,-2.518,0.0
0.972,2.867,1.0
2.12,3.644,1.0
1.028,1.658,1.0
1.141,2.095,1.0
1.832,3.577,1.0
-1.112,-3.714,0.0
-3.695,-4.479,0.0
0.097,2.906,1.0
-1.175,-2.143,0.0
-1.73,-0.786,0.0
1.091,2.712,1.0
-0.829,-2.471,0.0
1.211,0.804,1.0
2.259,1.52,1.0
0.311,1.735,1.0
1.977,1.766,1.0
2.858,3.565,1.0
1.99,3.421,1.0
-2.747,-2.173,0.0
-0.016,0.61,1.0
-1.804,-3.04,0.0
-1.861,-1.44,0.0
-2.895,-2.289,0.0
0.025,1.109,1.0
-1.453,-4.678,0.0
-0.79,1.618,1.0
1.376,2.116,1.0
-1.647,-1.664,0.0
-2.233,-2.076,0.0
1.19,1.078,1.0
-2.478,-3.305,0.0
0.4,2.347,1.0
3.174,0.507,1.0
-2.779,-2.692,0.0
1.486,1.838,1.0
-2.368,-3.379,0.0
0.168,3.681,1.0
1.316,0.656,1.0
-1.42,-3.205,0.0
-2.463,-2.289,0.0
1.857,1.223,1.0
-0.687,-3.55,0.0
1.796,0.959,1.0
0.208,2.021,1.0
-2.116,-3.161,0.0
1.622,4.178,1.0
-1.476,-4.093,0.0
-1.15,-2.884,0.0
0.342,3.553,1.0
-3.383,-3.372,0.0
1.247,0.274,1.0
0.247,1.908,1.0
1.351,3.366,1.0
-2.708,-2.32,0.0
1.666,1.715,1.0
-2.814,-3.722,0.0
-0.466,-1.805,0.0
0.57,0.987,1.0
3.126,2.114,1.0
-0.557,-3.311,0.0
2.167,1.815,1.0
-2.117,-3.19,0.0
0.165,1.776,1.0
-2.751,-2.416,0.0
1.583,1.349,1.0
1.729,2.368,1.0
-1.833,-2.949,0.0
-3.776,-1.564,0.0
-1.217,-1.68,0.0
-1.933,-2.521,0.0
0.855,1.743,1.0
-0.349,0.009,1.0
-1.286,-2.819,0.0
-0.908,-3.112,0.0
-2.629,-2.992,0.0
-2.738,-4.168,0.0
0.082,1.277,1.0
1.027,0.923,1.0
-0.14,4.403,1.0
0.914,1.154,1.0
-2.721,-4.58,0.0
-2.127,-2.261,0.0
-3.418,-4.239,0.0
0.431,0.133,1.0
2.119,1.458,1.0
-1.303,-2.54,0.0
-1.17,-3.403,0.0
2.047,-0.756,1.0
-1.395,-2.72,0.0
-1.571,-2.901,0.0
0.875,2.312,1.0
-1.231,-3.433,0.0
-2.166,-4.294,0.0
-1.308,-2.907,0.0
0.018,0.319,1.0
-3.428,-3.138,0.0
-3.342,-4.229,0.0
2.86,1.685,1.0
0.93,2.57,1.0
-0.919,-4.239,0.0
1.283,2.806,1.0
-3.035,-1.908,0.0
-0.891,-2.878,0.0
-0.399,0.774,1.0
2.147,1.606,1.0
-0.214,-3.603,0.0
1.434,1.632,1.0
-2.947,-4.153,0.0
-2.328,-3.523,0.0
-2.867,-2.749,0.0
1.702,2.281,1.0
1.46,1.488,1.0
-1.85,-2.914,0.0
-2.56,-4.471,0.0
-2.693,-2.404,0.0
2.247,1.248,1.0
-1.63,-2.27,0.0
-2.056,-3.575,0.0
0.693,1.272,1.0
0.484,2.333,1.0
0.669,2.955,1.0
-3.986,-2.002,0.0
1.141,1.045,1.0
-2.07,-1.208,0.0
-0.797,-3.991,0.0
-0.031,-3.682,0.0
1.339,2.554,1.0
-0.43,1.53,1.0
1.077,2.883,1.0
1.057,1.369,1.0
-1.186,-1.305,0.0
-2.667,-1.208,0.0
-2.656,-3.505,0.0
-1.891,-2.484,0.0
0.459,2.366,1.0
-1.703,-3.173,0.0
1.933,2.689,1.0
1.93,2.481,1.0
1.572,2.653,1.0
1.99,0.571,1.0
-0.517,-0.216,1.0
1.348,3.373,1.0
-1.494,-4.555,0.0
-3.778,-3.03,0.0
-3.778,-1.997,0.0
0.585,1.498,1.0
-0.45,-3.401,0.0
0.185,0.79,1.0
1.762,-0.099,1.0
-2.981,-2.657,0.0
-2.909,-3.611,0.0
-0.201,2.695,1.0
0.055,3.427,1.0
1.942,2.134,1.0
-2.938,-1.933,0.0
-3.006,-5.232,0.0
-2.127,-3.371,0.0
-1.786,-2.188,0.0
1.86,0.796,1.0
1.617,1.482,1.0
1.7,1.166,1.0
0.78,0.048,1.0
0.116,2.683,1.0
0.864,2.405,1.0
0.264,1.479,1.0
-3.05,-3.127,0.0
-0.625,-2.867,0.0
-2.805,-3.384,0.0
-1.379,-2.43,0.0
-0.458,0.734,1.0
-1.209,-3.064,0.0
1.645,4.636,1.0
-0.412,1.345,1.0
-0.491,-3.427,0.0
0.943,0.999,1.0
-0.993,-3.307,0.0
1.95,3.095,1.0
0.321,2.347,1.0
1.574,1.727,1.0
0.329,4.126,1.0
-2.6,-3.919,0.0
-3.828,-2.493,0.0
-2.066,-2.642,0.0
-0.104,1.051,1.0
1.446,1.099,1.0
-1.293,-2.444,0.0
-2.325,-1.562,0.0
1.345,3.816,1.0
-1.86,-3.595,0.0
-1.529,-3.128,0.0
-0.279,-4.398,0.0
-1.043,-3.656,0.0
-1.485,-4.03,0.0
1.302,4.342,1.0
-2.941,-0.778,0.0
3.361,3.102,1.0
-0.129,-2.121,0.0
0.973,2.832,1.0
1.284,2.989,1.0
-2.038,-4.183,0.0
-3.358,-2.801,0.0
-1.239,-3.682,0.0
-4.393,-2.665,0.0
-2.386,-4.35,0.0
-0.05,1.24,1.0
0.787,1.722,1.0
1.627,1.557,1.0
-4.155,-3.176,0.0
1.057,2.039,1.0
0.416,3.344,1.0
-2.059,-3.351,0.0
1.272,1.338,1.0
1.388,2.957,1.0
-1.98,-0.025,0.0
-2.809,-4.034,0.0
-2.92,-3.33,0.0
-2.665,-2.78,0.0
1.887,2.231,1.0
-2.045,-2.552,0.0
-2.258,1.707,1.0
3.294,1.476,1.0
-2.736,-4.184,0.0
-0.243,-3.544,0.0
-0.527,0.242,1.0
-1.857,-3.696,0.0
0.565,2.132,1.0
-0.873,-2.861,0.0
-1.68,-3.627,0.0
-3.514,-1.233,0.0
-2.989,-4.491,0.0
0.036,2.117,1.0
-2.279,-2.298,0.0
-2.441,-2.485,0.0
0.915,1.646,1.0
-3.478,-4.888,0.0
-1.773,-3.847,0.0
-0.06,1.196,1.0
1.113,4.315,1.0
-2.709,-4.835,0.0
-0.691,1.652,1.0
0.119,0.495,1.0
-2.003,-5.286,0.0
1.365,2.443,1.0
1.866,0.153,1.0
-0.425,-2.752,0.0
0.206,1.305,1.0
-0.969,-5.785,0.0
0.236,1.608,1.0
-2.158,-3.485,0.0
-0.071,2.357,1.0
1.889,1.832,1.0
-2.073,-2.99,0.0
-3.776,-2.011,0.0
1.918,2.28,1.0
-2.309,-0.897,0.0
-0.894,1.489,1.0
-1.026,-4.389,0.0
1.928,0.784,1.0
-2.328,-3.988,0.0
-3.032,-2.997,0.0
-1.35,-1.749,0.0
-0.392,3.285,1.0
0.607,3.301,1.0
-3.004,-2.288,0.0
-2.1,-3.51,0.0
-1.265,-1.65,0.0
0.807,1.608,1.0
0.229,1.56,1.0
0.36,2.129,1.0
0.565,2.291,1.0
0.192,-3.037,0.0
0.636,3.218,1.0
-0.371,1.352,1.0
0.112,1.955,1.0
-2.3,-3.699,0.0
-1.264,-3.512,0.0
-1.576,-2.058,0.0
1.293,1.94,1.0
0.058,-4.397,0.0
0.457,1.507,1.0
1.324,0.953,1.0
-0.189,3.141,1.0
-2.231,-3.372,0.0
-3.44,-3.652,0.0
-4.45,-5.405,0.0
0.423,3.402,1.0
-2.502,-1.824,0.0
-3.328,-2.757,0.0
-3.096,-1.737,0.0
-3.929,-4.7,0.0
-2.221,-3.268,0.0
2.048,2.033,1.0
-1.433,-4.441,0.0
-3.752,-2.903,0.0
-2.948,-2.612,0.0
0.411,3.979,1.0
-0.84,-2.782,0.0
1.843,2.643,1.0
-1.243,-4.355,0.0
2.593,1.28,1.0
-1.846,-3.587,0.0
-1.307,-5.215,0.0
-1.284,-3.455,0.0
-1.324,-4.052,0.0
-0.069,2.439,1.0
0.762,2.906,1.0
-1.419,-1.932,0.0
1.64,2.754,1.0
-0.754,-2.421,0.0
1.696,3.262,1.0
0.186,2.038,1.0
2.17,2.302,1.0
-3.331,0.183,0.0
-2.036,-5.524,0.0
-2.952,-0.441,0.0
1.664,0.791,1.0
-1.257,1.787,1.0
-2.047,-3.029,0.0
-0.756,-4.909,0.0
-1.997,-3.384,0.0
-3.726,-2.962,0.0
-1.402,-2.829,0.0
0.78,2.144,1.0
-2.539,-2.026,0.0
-1.516,-3.886,0.0
-2.158,-1.828,0.0
1.24,2.994,1.0
-2.221,-3.383,0.0
-2.846,-3.214,0.0
-2.542,-3.304,0.0
2.028,1.071,1.0
0.206,3.534,1.0
-1.831,-3.365,0.0
1.679,3.552,1.0
0.377,1.453,1.0
1.7,1.282,1.0
2.275,1.316,1.0
-0.715,-2.435,0.0
2.13,2.42,1.0
-2.03,-3.214,0.0
0.632,2.975,1.0
-0.684,-1.667,0.0
2.644,2.167,1.0
2.369,1.701,1.0
1.919,2.041,1.0
-2.44,-4.013,0.0
-2.094,-3.707,0.0
-0.226,1.688,1.0
0.055,1.942,1.0
-1.069,-3.185,0.0
1.465,1.472,1.0
-1.661,-3.86,0.0
1.246,0.604,1.0
-2.744,-2.376,0.0
0.877,2.086,1.0
-2.851,-1.628,0.0
-2.638,-3.518,0.0
-0.997,1.779,1.0
-1.739,-3.381,0.0
-2.291,-3.065,0.0
2.679,2.156,1.0
-1.611,-2.999,0.0
-1.654,-2.025,0.0
-1.91,-1.743,0.0
-1.628,-3.614,0.0
-4.076,-3.108,0.0
0.907,1.554,1.0
2.29,1.602,1.0
-0.024,1.48,1.0
2.172,1.448,1.0
1.568,2.551,1.0
1.138,-4.083,0.0
-2.422,-2.972,0.0
1.166,0.884,1.0
-2.943,-2.488,0.0
2.117,2.628,1.0
3.952,2.727,1.0
2.522,2.276,1.0
-2.672,-3.246,0.0
-3.899,-1.63,0.0
0.376,-3.538,0.0
1.04,2.456,1.0
0.408,1.095,1.0
0.291,1.651,1.0
-1.367,-1.785,0.0
1.558,2.972,1.0
2.045,1.251,1.0
-0.869,-4.701,0.0
-1.071,-3.23,0.0
-1.873,-3.456,0.0
2.421,2.095,1.0
-3.674,-1.426,0.0
-0.174,1.707,1.0
-1.875,-3.77,0.0
0.559,2.652,1.0
-2.027,-3.57,0.0
1.484,2.609,1.0
1.786,2.63,1.0
-3.38,-2.603,0.0
-1.573,-4.667,0.0
0.701,2.772,1.0
2.434,-0.098,1.0
-2.499,-2.085,0.0
1.004,1.831,1.0
-0.322,2.507,1.0
0.365,2.721,1.0
0.399,2.51,1.0
0.255,0.771,1.0
-1.732,-2.472,0.0
-2.111,-2.673,0.0
-1.653,-3.276,0.0
-3.26,-3.799,0.0
3.311,3.038,1.0
0.347,2.934,1.0
-0.57,-3.163,0.0
-1.351,-3.329,0.0
-0.018,2.358,1.0
-1.837,-2.759,0.0
1.329,3.919,1.0
-1.407,-2.428,0.0
-2.45,-2.004,0.0
-2.918,-3.926,0.0
1.667,0.298,1.0
-2.244,-3.518,0.0
-1.652,-3.204,0.0
-0.44,-2.486,0.0
1.191,2.335,1.0
-1.813,0.917,1.0
2.061,4.47,1.0
2.738,2.718,1.0
-2.367,-2.801,0.0
0.049,1.221,1.0
-1.77,-2.001,0.0
1.515,0.686,1.0
1.802,1.977,1.0
0.95,0.435,1.0
-2.701,-2.789,0.0
-0.313,1.49,1.0
-3.249,-2.011,0.0
-1.46,-2.384,0.0
-3.324,-1.921,0.0
0.612,1.59,1.0
1.29,2.145,1.0
0.016,1.379,1.0
-4.062,-0.961,0.0
0.127,2.445,1.0
-1.488,-4.558,0.0
-0.444,2.162,1.0
0.38,0.878,1.0
-1.242,-3.266,0.0
-1.926,-2.917,0.0
0.225,2.465,1.0
0.623,1.534,1.0
1.013,0.501,1.0
-0.8,-4.543,0.0
0.287,2.27,1.0
-2.19,-3.037,0.0
-2.849,-2.597,0.0
-1.433,-0.431,0.0
0.758,2.019,1.0
2.281,3.07,1.0
-0.545,2.24,1.0
2.873,1.43,1.0
-1.257,-2.265,0.0
-1.775,-3.104,0.0
-0.981,-3.034,0.0
0.213,1.517,1.0
0.053,1.864,1.0
-2.742,-4.599,0.0
-3.391,-4.323,0.0
0.133,1.331,1.0
-0.761,2.894,1.0
0.369,1.508,1.0
-0.59,-4.545,0.0
-2.755,-2.214,0.0
2.27,1.391,1.0
1.853,3.708,1.0
2.328,2.456,1.0
-1.902,-2.005,0.0
1.317,1.5,1.0
0.05,1.314,1.0
0.802,1.676,1.0
-2.557,-2.718,0.0
1.358,1.458,1.0
1.471,2.246,1.0
-1.943,-4.336,0.0
0.651,2.62,1.0
-2.937,-3.974,0.0
-2.399,-2.675,0.0
-2.533,-2.759,0.0
-1.705,-4.62,0.0
0.947,1.512,1.0
0.341,1.09,1.0
-3.473,-2.437,0.0
0.501,0.897,1.0
1.953,1.302,1.0
0.631,0.855,1.0
-1.372,-3.388,0.0
-3.019,-2.921,0.0
-1.942,-3.208,0.0
-1.473,-2.401,0.0
-0.965,-3.363,0.0
-0.928,-2.112,0.0
-2.714,-2.651,0.0
0.256,2.509,1.0
0.783,2.107,1.0
-0.892,1.672,1.0
-0.027,0.184,1.0
0.631,3.401,1.0
0.964,2.489,1.0
1.273,1.459,1.0
0.006,4.084,1.0
0.314,2.06,1.0
0.798,1.439,1.0
-2.131,-3.252,0.0
0.587,2.479,1.0
-3.394,-4.748,0.0
0.343,1.868,1.0
0.553,3.973,1.0
0.792,1.317,1.0
-1.148,-3.055,0.0
1.267,1.557,1.0
1.261,-0.462,1.0
2.007,2.845,1.0
1.204,2.224,1.0
-0.512,3.781,1.0
1.752,1.421,1.0
-2.345,-0.876,0.0
-1.22,-3.309,0.0
-4.113,-1.264,0.0
-1.154,-1.361,0.0
0.86,2.354,1.0
-1.653,-2.415,0.0
1.02,4.937,1.0
-1.909,-1.094,0.0
-2.982,-3.273,0.0
-0.774,-2.956,0.0
2.879,1.843,1.0
0.578,3.827,1.0
-2.207,-4.012,0.0
-1.539,-2.188,0.0
-4.858,-3.628,0.0
-2.17,-4.485,0.0
3.273,2.6,1.0
-2.0,-3.374,0.0
0.248,0.815,1.0
-1.679,-3.244,0.0
-2.987,-0.928,0.0
-1.312,-2.466,0.0
3.044,0.307,1.0
-1.006,-1.472,0.0
-4.115,-3.826,0.0
2.569,1.123,1.0
-1.43,-2.951,0.0
-2.33,-4.306,0.0
-2.148,-2.653,0.0
2.17,1.978,1.0
-0.729,-3.626,0.0
-3.044,-1.382,0.0
-1.17,-2.052,0.0
-1.763,-1.987,0.0
-2.877,-2.889,0.0
1.426,2.027,1.0
1.599,3.05,1.0
1.037,0.746,1.0
-2.805,-4.37,0.0
-3.491,-4.103,0.0
0.457,1.946,1.0
0.377,2.113,1.0
-1.799,-2.622,0.0
0.132,1.473,1.0
-1.609,-2.635,0.0
-2.117,-3.92,0.0
-2.428,-4.032,0.0
-3.825,-1.847,0.0
-0.745,0.546,1.0
1.991,-0.093,1.0
-1.794,-3.82,0.0
0.248,-3.846,0.0
-1.205,-3.98,0.0
1.444,2.836,1.0
0.097,1.356,1.0
-0.559,-3.197,0.0
-2.355,-2.062,0.0
-3.174,-1.682,0.0
-1.748,-3.425,0.0
-2.392,-2.293,0.0
1.383,3.251,1.0
0.073,1.242,1.0
-0.761,-3.392,0.0
-1.958,-1.991,0.0
-1.509,-3.293,0.0
1.822,0.112,1.0
-1.858,-3.386,0.0
2.518,3.556,1.0
-1.119,-2.958,0.0
-3.204,-2.705,0.0
1.891,1.168,1.0
-0.932,-3.596,0.0
1.046,2.268,1.0
-1.905,-4.276,0.0
0.741,1.028,1.0
1.377,3.497,1.0
-1.937,-3.22,0.0
1.523,3.726,1.0
1.257,1.913,1.0
-2.158,-3.363,0.0
0.918,2.539,1.0
0.283,3.745,1.0
-0.93,-2.08,0.0
2.122,-0.947,1.0
-0.777,-3.839,0.0
-1.62,-1.925,0.0
-0.508,-3.355,0.0
-0.79,-1.974,0.0
-1.671,-2.621,0.0
2.895,1.704,1.0
-3.631,-3.705,0.0
-2.145,-2.577,0.0
-3.656,-0.721,0.0
-2.434,-2.105,0.0
1.477,3.119,1.0
-0.275,2.951,1.0
-3.467,-4.528,0.0
0.881,1.823,1.0
-1.64,-4.122,0.0
0.329,0.419,1.0
-0.731,-3.454,0.0
-0.253,-1.145,0.0
1.577,2.527,1.0
1.521,1.557,1.0
-0.827,2.825,1.0
